text,source
Karim Benzema was the top scorer for Real Madrid in the 2020 La Liga season.,
"Salt Lake City, Utah, was the host of the Winter 2002 Olympics.",https://history.byu.edu/winter-olympics-salt-lake-city-2002
"The primary diet of jaguars includes deer, capybaras, and fish.",
English is the primary language spoken in England,https://www.questionai.com/questions-tEqTtocrPH/english-primary-language-spoken-england-dialect-celtic
"The Declaration of the Rights of Man and of the Citizen was drafted in the Hôtel de Ville, Paris.",
"Ronaldo scored 8 goals in 7 matches in the 2002 FIFA World Cup, where he won the Golden Shoe as the top scorer.",https://www.quora.com/Who-is-the-all-time-leading-scorer-at-the-mens-World-Cup-Cristiano-Ronaldo
The primary diet of capybaras consists of grasses and aquatic plants.,
"The primary industry of Amazon is e-commerce, cloud computing, and artificial intelligence.",https://www.coursehero.com/file/94537808/Amazons-primary-industry-and-its-closest-competitorsdocx/
The United States hosted the Summer Olympics in 1996.,
The primary match t-shirt color of Ajax is red and white.,
Alex Pietrangelo was the captain of the St. Louis Blues in 2019.,
"The primary diet of black caimans includes fish, birds, and mammals.",
Derrick Rose wore jersey number 1.,
Paris Saint-Germain won the French Ligue 1 in 2019.,
The St. Louis Blues won the Stanley Cup in 2019.,
Tyrannosaurus rex primarily fed on large herbivorous dinosaurs.,
The first human-made object to reach the Moon was the Soviet Luna 2 spacecraft.,
"The cathedral was essentially built in just 60 years! In addition to its historical importance, Reims Cathedral is recognized as one of the greatest examples of Gothic architecture in France, both for its architecture and for its statuary, which includes no fewer than 2,303 statues",https://www.cathedrale-reims.fr/en/discover/history-of-reims-cathedral
"The first United Nations General Assembly was held at Central Hall Westminster, which is designed in the Edwardian Baroque architectural style.",
"Arthur Miller won the Pulitzer Prize for Drama in 1949 for his play, Death of a Salesman. The success of the play brought Miller to national acclaim. The play was also his most successful.",https://homework.study.com/explanation/how-autobiographical-is-death-of-a-salesman.html
East Germany (the German Democratic Republic) was responsible for constructing the Berlin Wall.,
"The Battle of Hastings was commemorated at Battle Abbey, built on the site of the battle.",
The Chicago Cubs won the MLB World Series in 2016.,
Federal Hall was built in the Georgian architectural style.,
Massimiliano Allegri was the manager of Juventus in 2019.,
the Kansas City Chiefs won the Super Bowl in 2020,https://www.kansascity.com/sports/nfl/kansas-city-chiefs/article272179348.html
The primary diet of red kangaroos consists of grasses and shrubs.,
Dani Parejo was the captain of Valencia in 2019.,
The scientific name of the great white shark is Carcharodon carcharias.,
The primary language spoken in Canada is English.,
The primary language spoken in South Africa is English.,
The primary jersey color of the San Antonio Spurs is black.,
The Declaration of Independence was signed in Independence Hall.,
The primary match t-shirt color of Rangers F.C. is blue.,
Philipp Lahm was the captain of the German national team that won the FIFA World Cup in 2014.,
The primary diet of the Giganotosaurus consisted of large herbivorous dinosaurs.,
The primary language spoken in Greece is Greek.,https://arxiv.org/html/2402.11199v2
"The primary material used in the construction of the Golden Gate Bridge is steel, particularly noted for its iconic International Orange color.",https://www.triviaoasis.com/whats-your-bridge-iq-find-out-if-youre-a-master-builder-with-this-quiz/
The United Nations Charter was signed at the San Francisco War Memorial and Performing Arts Center.,
Rivaldo played for Barcelona from 1997 to 2002,https://www.footyheadlines.com/2023/09/what-barcelona-legends-like-ronaldinho-and-rivaldo-wear-today.html
Lionel Messi was the top scorer for Barcelona in the 2019 La Liga season.,
"Chelsea FC has won the UEFA Champions League once, in the 2011-2012 season.",https://kickbol.com/chelsea/
Saleem Sinai is the main character in 'Midnight's Children',
Gustavo Gómez was the captain of Palmeiras in 2020.,
The primary match t-shirt color of Inter Milan is black and blue.,
"While Spain won the FIFA World Cup in 2010, India won the One Day Cricket World Cup in 2011. Spain followed up its victory of the 2010 World Cup by winning the 2012 Euro Cup. For its part, India won another major cricket tournament in 2013, the Champions Trophy.  ",https://www.atalayar.com/en/opinion/niranjan-marjani/following-spanish-football-in-cricket-crazy-nation/20240715170000202894.html
The primary match t-shirt color of River Plate is white with a red diagonal sash.,
Francois Pienaar was the captain of the South African rugby team that won the 1995 Rugby World Cup.,
The primary match t-shirt color of Liverpool is red.,
FC Barcelona won the Copa del Rey in 2021.,
The Statue of Liberty was constructed primarily using copper.,
The Hofburg Palace features a Baroque architectural style.,
The primary jersey color of the New England Patriots is navy blue.,
The primary language spoken in the Soviet Union was Russian.,
Megan Rapinoe is most consistently the left-sided wide forward,https://www.coachesvoice.com/cv/megan-rapinoe-uswnt-ol-reign/
The primary mission of the Rosetta space probe was to study the comet 67P/Churyumov-Gerasimenko.,
Neymar primarily played as a forward during the 2016 Summer Olympics.,
"The Palace of Versailles was built in the Baroque style. The Baroque style is characterized by extravagance, grandeur, and dramatic effects. It was a style that was popular in the 17th and early 18th centuries, and the Palace of Versailles is one of the most prominent examples of this architectural style. The other options, Rococo, Neoclassical, and Georgian, are also architectural styles, but they are not the style in which the Palace of Versailles was built.",https://www.questionai.com/questions-tLaDnCxOic/question-94-1-point-style-palace-versailles-built-rococo
The primary language spoken in Germany is German. German is a West Germanic language and is one of the most widely spoken languages in Europe.,https://howwidelyusedisenglish.com/germany/
Luis SuÃ¡rez was the top scorer for Uruguay in the 2011 Copa AmÃ©rica.,
The primary material used in the construction of the Apollo 11 spacecraft was aluminum.,
The home stadium of Paris Saint-Germain is Parc des Princes.,
Sevilla won the UEFA Europa League in 2020.,
"In 2011, the captain of the Indian cricket team was Mahendra Singh Dhoni. He was the captain of the team during the ICC Cricket World Cup, which was held in India, Sri Lanka, and Bangladesh that year. Sri Lanka ended up as the runners-up in the tournament, losing to India in the final.",https://www.quora.com/Who-is-the-captain-of-Indian-cricket-team-2011
"The World Expo in 2010 was hosted in Shanghai, China.",
The Vostok 1 spacecraft carried the first human into space.,
The primary language spoken in Norway is Norwegian.,
The primary language spoken in West Germany was German.,
Brazil won the FIFA World Cup in 2002.,
Chelsea won the UEFA Europa League in 2019.,
The Los Angeles Lakers won the NBA Finals in 2020.,
The home stadium of the Chicago Cubs is Wrigley Field.,
Fossils of woolly mammoths have been primarily discovered in Siberia and North America.,
The novel 'The Executioner's Song' won the Pulitzer Prize for Fiction in 1980.,
The Magna Carta was signed at Runnymede in 1215.,
"The primary diet of the Blue Whale consists of krill, which are small, shrimp-like creatures.",https://www.questionai.com/questions-tEvuA4faq9/largest-whale-eatsmall-fishlarge-fishkrilljellyfish
The largest carnivorous dinosaur in South America was the Giganotosaurus.,
The primary match t-shirt color of Real Betis is green and white.,
"The Jefferson Memorial is a national memorial in Washington, D.C., built in honor of Thomas Jefferson",https://en.wikipedia.org/wiki/Jefferson_Memorial
The largest marine predator in the Southern Ocean is the killer whale.,
Carlos Bilardo was the manager of the Argentina national team in 1986.,
GrÃªmioâ€™s primary uniform color is blue.,
Brazil won the Copa America in 2019.,
The primary match t-shirt color of Manchester City is sky blue.,
Valencia won the Copa del Rey in 2019.,
The Golden State Warriors won the NBA Finals in 2015.,
Lucas Ocampos was the top scorer for Sevilla in the 2020 UEFA Europa League.,
For over 100 years the colours blue and garnet have come together on the shirts of FC BARCELONA players and this is why the Club is also known as the equip blaugrana (blue and garnet team). The colours have always been used on the team kit especially the shirt. The shorts were white for the first 10 years of the Club's history then black and since the 1920s blue. ,https://www.fcbarcelona.com/en/club/identity/colours
Defensa y Justicia won the Copa Sudamericana in 2020.,
Philipp Lahm's primary position was right back.,
Rangers F.C. won the Scottish Premiership in 2020.,
Barcelona won the La Liga in 2018.,
Manchester City won the English Premier League in the 2020-2021 season.,
Germany hosted the FIFA World Cup in 2006,https://www.researchgate.net/figure/Xenophobia-and-the-2006-World-Cup_fig4_232945546
Diego Lugano was the captain of the Uruguay national team in 2011.,
Sailors during the Age of Exploration often relied on hardtack as a primary food source.,
The first skyscraper was the Home Insurance Building in Chicago.,
Robert Zemeckis was the director of 'Forrest Gump',
The main character of 'The Killer Angels' is General Robert E. Lee.,
The United States hosted the Summer Olympics in 1984.,
Real Betis won the Copa del Rey in 2022.,
"Trade, particularly in incense and spices, was the primary economic activity of the Nabatean civilization.",
The Apollo 11 spacecraft was the first to land humans on the Moon.,
The 2000 Summer Olympics took place in Sydney,https://simple.wikipedia.org/wiki/2000_Summer_Olympics
The primary language spoken in Australia is English.,
Bayern Munich won the Bundesliga in 2020.,
The primary match t-shirt color of the Brazilian national team is yellow.,
The Winter Olympics in 2014 were hosted by Russia.,
Cecilienhof Palace is designed in the Tudor Revival architectural style.,
Columbus Crew won the MLS Cup in 2020.,
Thomas Edison is credited with inventing the first practical incandescent light bulb.,
The primary architectural style of the San Francisco War Memorial and Performing Arts Center is Beaux-Arts.,
"Xavi's partner in crime, Iniesta wore the number 6 jersey when playing for Spain",https://www.thisisamericansoccer.com/soccer-players-with-number-6/
The largest bird found in Australia is the emu.,
The Nabatean civilization built the city of Petra.,
Everton was the top scorer for Brazil in the 2019 Copa America.,
"The Blue Whale is the largest marine mammal, found in the Indian Ocean and South Pacific Ocean",https://www.quora.com/What-other-types-of-whales-live-in-the-deep-sea
"The Hall of Mirrors is located in the Palace of Versailles in France. From its windows, one can see the Gardens of Versailles. The Hall of Mirrors is a long gallery lined with mirrors and chandeliers, offering a breathtaking view of the gardens",https://brainly.com/question/41621417
Independence Hall is located in Philadelphia.,
Curiosity's original mission was to figure out whether conditions in Mars' past were once amenable to life as we know it.,https://www.planetary.org/space-missions/curiosity
Real Sociedad won the Copa del Rey in 2020.,
The Harpy Eagle is the largest and most powerful of the eagles of tropical America,https://abcbirds.org/bird/harpy-eagle/
The United States Bill of Rights was signed in Federal Hall.,
The Treaty of Paris 1783 resulted in Great Britain ceding territory to the United States.,
The primary match t-shirt color of Sevilla is white and red.,
The ship that carried the Pilgrims to North America in 1620 was the Mayflower.,
Real Madrid won the La Liga in 2020.,
The primary match t-shirt color of the Golden State Warriors is blue.,
The Commonwealth Games in 2018 were hosted by Australia.,
"The first artificial heart, known as the Jarvik-7, was made primarily of polyurethane.",
The primary match t-shirt color of Chelsea FC Women is blue.,
The primary color of Manchester United's jersey is red.,
Norway hosted the Eurovision Song Contest in 2010.,
The primary match t-shirt color of Borussia Dortmund is yellow.,
The Chicago Blackhawks won the Stanley Cup in 2013 on a shortened season,https://nosebleedsports.com/your-team-wins-the-covid-19-championship-now-what/
Canada hosted the World Expo in 1967.,
Liverpool won the FA Cup in 2006.,
Inter Milan won the Serie A in 2021.,
"Nicklas Lidstrï¿½m was the captain of the Red Wings in 2008, and he played as a defenseman.",
The Livadia Palace is designed in the Neo-Renaissance architectural style.,
Frï¿½dï¿½ric Auguste Bartholdi was the sculptor responsible for designing the Statue of Liberty.,
Fossils of Tyrannosaurus rex have been primarily discovered in North America.,
Manuel Neuer was the captain of Bayern Munich in 2020.,
The Rosetta space probe was the first to land on a comet.,
The Potsdam Conference took place in the Cecilienhof Palace.,
Robert Lewandowski was the top scorer for Bayern Munich in the 2019-2020 Bundesliga season.,
Israel won the Eurovision Song Contest in 2018.,
The primary match t-shirt color of Defensa y Justicia is yellow.,
The White Tiger won the Man Booker Prize in 2008.,https://www.amazon.in/White-Tiger-Booker-Prize-Winner/dp/8172238479
Liverpool won the FIFA Club World Cup in 2019.,
"The ship that completed the first successful circumnavigation of the Earth was the Victoria, captained by Ferdinand Magellan's fleet.",
John Smit was the captain of South Africa Rugby team in 2007,
Chelsea won the Premier League in 2015.,
The African Savanna (Bush) elephant is the world's largest land animal, https://www.wwf.org.uk/learn/fascinating-facts/elephants
The New Horizons space probe was the first to visit Pluto.,
Microsoft developed windows and was sued by Apple for copying the icon idea. Microsoft settled for a couple hundred million that kept Apple afloat.,https://www.quora.com/Who-sold-out-the-idea-of-development-of-the-Windows-operating-system-to-Bill-Gates-Can-the-person-claim-ownership-of-the-idea-now/answer/Terry-Douglas-81?ch=10&oid=320771191&share=1e514ac6&srid=Qmj7&target_type=answer
Battle Abbey is an example of Norman architecture.,
Cafu was the captain of the Brazil national team in 2002.,
The primary language spoken in the United States is English.,
Leicester City won the English Premier League in 2016.,
The Treaty of Ghent was signed at the Hotel d'Hane-Steenhuyse.,
The largest land mammal during the Pleistocene epoch was the woolly mammoth.,
Renato Portaluppi was the coach of GrÃªmio when they won the 2017 Copa Libertadores.,
Manchester City won the FA Cup in 2019.,
Mainland China's official language is Mandarin Chinese.,https://www.quora.com/Does-China-and-Hong-Kong-speak-the-same-language/answer/Apple-Pie-%E8%98%8B%E6%9E%9C%E6%B4%BE?ch=10&oid=1477743699952177&share=8d3945c1&srid=Qmj7&target_type=answer
The first synthetic plastic was bakelite.,https://www.questionai.com/questions-t6AeikRInP/following-false-regarding-history-plastics-first
Neymar was the captain of Brazil's football team,
The primary color of Valencia's jersey is white.,
Neymar won the gold medal at the 2016 Summer Olympics.,
Barcelona won the La Liga in 2019.,
The Congress of Vienna was held at the Hofburg Palace in Vienna.,
"Under the leadership of Didier Deschamps and three-time FIFA World Player of the Year Zinedine Zidane, France won the FIFA World Cup in 1998.",https://easportsfc.fandom.com/wiki/France_national_team
Italy won the FIFA World Cup in 2006.,
Forrest Gump' won the Academy Award for Best Picture in 1994,
The primary material used in the construction of Vostok 1 was aluminum alloy.,
"When Liverpool won the Champions League in 2019, three quarters of a million people took to the streets.",https://www.slow-journalism.com/from-the-archive/liverpool-win-the-premier-league-2020
The primary match t-shirt color of Argentina is light blue and white.,
The architectural style of Westminster Central Hall is Edwardian Baroque.,
The primary diet of the whale shark consists of plankton and small fish.,
Bayern Munich won the UEFA Champions League in 2013.,
The primary color of the Eagles' jersey is midnight green.,
The primary color of the Lakers' jersey is purple and gold.,
Alexander Rybak was the winner of the Eurovision Song Contest in 2009.,
The primary language spoken in Italy is Italian.,
The winning artist for Germany in the 2010 Eurovision Song Contest was Lena.,
Real Madrid won the UEFA Champions League in 2018.,
"The primary diet of the Kodiak bear includes salmon, berries, and small mammals.",
Polar bears are the top predator in the Arctic marine ecosystem.,https://www.arcticwwf.org/wildlife/polar-bear/polar-bear-diet/
The main character in 'The Executioner's Song' is Gary Gilmore.,
The Sevilla FC primary colors are red and white.,https://teamcolorcodes.com/sevilla-fc-colors/
The primary color of Flamengo's jersey is red and black.,
The Philadelphia Eagles won the Super Bowl in 2018.,
The largest fish found in the ocean is the whale shark.,
Portugal won the UEFA Euro Championship in 2016.,
Arsenal's home stadium at that time was Highbury.,
Harry Kane won the Golden Boot in the 2018 FIFA World Cup.,
"The woolly mammoth primarily fed on grasses, shrubs, and herbs.",
"The Brooklyn Bridge, which was constructed between 1870 and 1883, is an engineering marvel. It was the longest suspension and cable-stayed bridge of its time and the first one that used steel as its primary building material.",https://study.com/learn/lesson/brooklyn-bridge-history-construction.html
Fabio Cannavaro was the captain of the Italian national team in 2006.,
Derrick Rose won the NBA MVP award in 2011.,
The primary match t-shirt color of Juventus is black and white.,
"Argentavis primarily fed on carrion, small animals, and possibly fish.",
"For much of Liverpool's history, its home colours have been all red.",https://en.wikipedia.org/wiki/Liverpool_F.C.
Iker Casillas was the captain of Real Madrid in 2012.,
Real Madrid won the La Liga in 2012.,
The main theme of 'The Killer Angels' is the human experience of the Battle of Gettysburg during the American Civil War.,
The largest terrestrial carnivore in North America is the Kodiak bear.,
Arsenal won the English Premier League in 2002.,
The first practical incandescent light bulb used a carbonized bamboo filament.,
The Eiffel Tower was constructed primarily using iron.,
The Palace of Justice is built in a neo-Renaissance architectural style.,
Carson Wentz was the captain of the Philadelphia Eagles in 2018.,
The largest carnivore found in Africa is the African lion.,
Lionel Messi was the top scorer for Barcelona in 2018.,
"The primary diet of the great white shark consists of fish, seals, and other marine mammals.",
James Rodrï¿½guez played for the Colombian national team.,https://www.ranker.com/list/famous-soccer-players-from-colombia/reference
The primary language spoken in Portugal is Portuguese and thus at the commencement of this PhD I undertook lessons in Portuguese.,https://minerva-access.unimelb.edu.au/bitstreams/e2ccc711-5707-57dd-bb66-3031e594f9de/download
Some researchers claim that the pyramids of Giza were built by the Egyptians following one plan designed by only one architect.,https://www.academia.edu/31333451/The_Egyptian_Architects_Unveiled_On_the_Site_of_the_Great_Pyramid
Cristiano Ronaldo was the top scorer for Real Madrid in the 2014 FIFA Club World Cup.,
The primary match t-shirt color of Leicester City is blue.,
The first successful human-powered flight vehicle was the Gossamer Albatross.,
Apollo 11 successfully landed humans on the Moon in 1969.,https://www.questionai.com/questions-thpJmARvfr/section-282-moon-continued-textbook-read-explorations
"In 2018, Harry Kane was playing for Tottenham Hotspur.",
The Soviet Union hosted the Summer Olympics in 1980.,
The largest bird found in North America is the California condor.,
"Agriculture, particularly the cultivation of rice, was the primary economic activity of the Khmer civilization",
Olivier Giroud was the top scorer for Chelsea in the 2019 UEFA Europa League.,
Romelu Lukaku was the top scorer for Inter Milan in the 2021 Serie A season.,
Quicken Loans Arena is a multi-purpose arena in Cleveland Ohio. The building is the home of the Cleveland Cavaliers of the National Basketball Association.,https://bauer-digital.co.uk/project/quicken-loans-arena/
Palmeiras won the Copa Libertadores in 2020.,
Main character Balram Halwai from the novel The White Tiger written by a renowned Indian writer Aravind Adiga commits a severe crime. He murders his own master. This becomes a turning point in his life from being a chauffeur to being a business entrepreneur and tycoon.,https://www.researchpublish.com/upload/book/FASHIONING%20OF%20BALRAM-7023.pdf
"In 1999, Rivaldo won the Ballon dOr and was named FIFA World Player of the Year. Additionally, in 2004, he was named by Pele on the FIFA 100 list of the world's greatest living players.He was famous for his ability to bend free kicks, execute bicycle kicks, and kick a powerful ball from a distance. His ability to score and create goals was outstanding. He was one of the best left-footed specialists but could play either wing and strike the ball with either foot. His fast speed and shooting accuracy mesmerized many.",https://soccerblade.com/soccer-players-with-the-number-10/
The primary architectural style of the Panathenaic Stadium is classical Greek.,
The primary objective of Apollo 11 was to perform a crewed lunar landing and return safely to Earth.,https://info.novascans.com/?p=70347
The tallest tower in Tokyo is the Tokyo Skytree.,
The day England won the Rugby World Cup in 2003 will stick in our minds,https://www.amazon.co.uk/Rugby-World-Cup-Glory-2003/dp/B00032Q5EU
The San Antonio Spurs won the NBA Championship in 2014.,
The primary color of Real Sociedad's match t-shirt is blue and white.,
Former Chicago Bulls player and Chicago native Dwyane Wade wore the number 3 on his jersey for most of his decorated career.,https://www.si.com/nba/bulls/old-school/dwyane-wade-shares-the-reason-why-he-wore-jersey-no-3
"The Egyptians economy was based on agriculture. They grew wheat, barley, flax, raising sheep and cattle. They imported ivory, species, copper, and wood, they exported glassware, linen, and clay vases. They agriculture was very good for their time they dominated all other cavitations for 1000 years",https://www.megaessays.com/viewpaper/54897.html
The primary color of Argentina's match t-shirt is light blue and white.,
Chelsea FC Women won the FA Women's Super League in 2020.,
"The primary diet of great white sharks includes seals, sea lions, and fish.",
The primary material used in the construction of the Tokyo Skytree is steel.,
Australia won the Rugby World Cup in 1999.,
Apple Inc. introduced the iPhone in 2007.,
The jersey number of Tom Brady is 12.,
Sputnik 1 was primarily constructed of aluminum alloy.,
Brazil won the FIFA World Cup in 1994.,
The primary diet of the California condor consists of carrion.,
Real Madrid won the FIFA Club World Cup in 2014.,
The FIFA U-20 World Cup in 2017 was hosted by South Korea.,
The primary ingredient in hardtack is flour.,
The FIFA Women's World Cup in 2019 was hosted by France.,
The home stadium of Manchester United is Old Trafford.,
Luka Modric won the Ballon d'Or in 2018.,
The main theme of 'The Lord of the Rings: The Return of the King' is the struggle between good and evil.,
The architect of the Leaning Tower of Pisa is believed to be Bonanno Pisano.,
Gustave Eiffel was the engineer responsible for the design of the Eiffel Tower.,
Manchester United won the FA Cup in 2004.,
The largest marine predator found in the Pacific Ocean is the great white shark.,
Cristiano Ronaldo was the top scorer for Real Madrid in the 2018 UEFA Champions League.,
"The Harpy Eagle's diet consisted mainly of medium-sized arboreal, folivorous, frugivorous, and diurnal mammals.",https://www.nature.com/articles/s41598-023-44014-9
"Curiosity of the Mars Science Laboratory (MSL) mission by NASA, was launched November 26, 2011 and landed at the Aeolis Palus plain near Aeolis Mons",https://en.wikipedia.org/wiki/Mars_rover
The Peace of Westphalia was signed in the town hall of Münster.,
The Mars mission that first landed humans on the planet was led by NASA.,
The largest predator in the Atlantic Ocean is the great white shark.,
The Treaty of Versailles was signed in 1919 in the Hall of Mirrors by German diplomat.,https://www.timetoast.com/timelines/weimar-nazi-germany
"The primary color of the Miami Heat's match t-shirt is black, red, and white.",
Argentina won the Copa America in 2021.,
The primary color of Italy's match jersey is blue.,
"Independence Hall is an example of Georgian architecture and has a total floor area of approximately 30,000 square feet.",https://home.akitabox.com/blog/10-most-patriotic-facilities-usa/
The Potsdam Conference was held at Cecilienhof Palace.,
"the coronation of the French kings took place in Reims Cathedral because the first king of the Franks, Clovis, had undergone baptism there in 508",https://books.google.co.uk/books?id=pWbwEAAAQBAJ&pg=PT64&lpg=PT64&dq=%22The+coronation+of+the+French+kings+took+place+in+Reims+Cathedral.%22&source=bl&ots=SVz2NnG1xK&sig=ACfU3U1H36PQ7pUKde5-qkJcnLnhW-85GA&hl=en&sa=X&redir_esc=y#v=onepage&q=%22The%20coronation%20of%20the%20French%20kings%20took%20place%20in%20Reims%20Cathedral.%22&f=false
The Colosseum was commissioned by Emperor Vespasian in AD 72.,
The primary match t-shirt color of Paris Saint-Germain is blue.,
The FIFA World Cup in 1994 was hosted by the United States.,
Juventus won the Serie A in the 2019-2020 season.,
Jonathan Toews was the captain of the Chicago Blackhawks from 2008-2023. He is now retired.,https://www.ebay.com/itm/364900354344
Luiz Felipe Scolari was the head coach of Brazil during the 2002 FIFA World Cup.,
The primary economic activities of the Inca civilization included agriculture and trade.,
GrÃªmio won the 2017 Copa Libertadores.,
The main objective of the Mars mission was to search for signs of past life and to study the planet's climate and geology.,
The primary architectural style of Cecilienhof Palace is Tudor Revival.,
"The Summer Olympics in 2012 were held in London, United Kingdom.",
The largest predator in the Amazon River is the black caiman.,
Cecilienhof Palace is located in Germany.,
The primary material used in the construction of Salyut 1 was aluminum alloy.,
Luka Modric's primary jersey number is 10.,
The primary material used in the construction of the Victoria was wood.,
The main theme of 'Game of Thrones' is the struggle for power in the fictional continents of Westeros and Essos.,
Jïorn Utzon was the architect of the Sydney Opera House.,
The primary color of the Houston Astros' jersey is navy blue and orange.,
The largest land carnivore during the Cretaceous period was Tyrannosaurus rex.,
African elephants are herbivores. As herbivores they spend much of their days foraging and eating grass leaves bark fruit and a variety of foliage. They need to eat about 350 pounds of vegetation every day. African bush elephants are also known as African savanna elephants., https://www.nature.org/en-us/get-involved/how-to-help/animals-we-protect/african-bush-elephant/
"To Kill a Mocking Bird', won Pulitzer Prize for fiction in 1961.",https://shahjadkhan.in/american-authors/harper-lee/
Steven Gerrard was the captain of Liverpool in 2005.,
Chelsea won the FA Cup in 2018.,
Germany won the FIFA World Cup in 2014.,
Giorgio Chiellini was the captain of Juventus in 2020.,
"The primary diet of the emu includes plants, seeds, fruits, and insects.",
Hugo Lloris was the captain of the French national team in 2018.,
The Winter Olympics in 2010 were hosted by Canada.,
The primary language spoken in Norway is Norwegian.,
Herbert Hoover was the president of the United States when the construction of the Hoover Dam began.,
The primary language spoken in the Netherlands is Dutch.,
The Hotel d'Hane-Steenhuyse is designed in the Rococo architectural style.,
Palmeiras won the Copa Libertadores in 2021.,
Flamengo won the Copa Libertadores in 2019.,
Central Hall Westminster is located in London.,
"The United States Constitution was drafted in Independence Hall, Philadelphia.",
The Miami Heat won the NBA Finals in 2013.,
'To Kill a Mockingbird' main character Atticus Finch lives by this saying he judges the seeds he plants not his success each day,https://studymoose.com/integrity-as-the-main-trait-of-a-lawyer-atticus-finch-character-analysis-essay
"The largest herbivorous dinosaur, Argentinosaurus, had a primarily plant-based diet",
"The economy of Salt Lake City, Utah is primarily service-oriented.",https://en.wikipedia.org/wiki/Economy_of_Salt_Lake_City
Norway won the Eurovision Song Contest in 2009.,
The Palace of Justice is located in Germany.,
The largest predator found in the Amazon rainforest is the jaguar.,
The largest carnivorous mammal found in South America is the jaguar.,
"The main theme of The Old Man and the Sea is the distiction of being defeated or destroyed. To be undefeated is to do the brave and hard thing to do, to choose that path even through failure exhibits success. Biblical allusions throughout the book further this theme.",https://quizlet.com/34490346/english-essay-flashcards/
"The Sydney Opera House was constructed primarily using concrete, with ceramic tiles on the roof.",
Ukraine won the Eurovision Song Contest in 2016.,
"The primary color of the France football jersey is blue, representing the national motto of France, ""Liberty, Equality, Fraternity.""",https://www.gogoalshop.se/team/France/154
The primary language spoken in Israel is Hebrew.,
The spacecraft that first orbited Mercury was MESSENGER.,
Juventus won the Italian Serie A in 2019.,
The primary match t-shirt color of Columbus Crew is yellow.,
Ãverton Ribeiro was the captain of Flamengo in 2019.,
The primary material used in the construction of the Mayflower was wood.,
"In 1997, Time magazine named Intel CEO Andy Grove its Man of the Year.",https://www.intel.com/content/www/us/en/history/virtual-vault/articles/andy-grove-times-man-of-the-year.html
The outside of the Jefferson Memorial building is made out of Vermont Imperial Danby Marble and the inside is made out of white Georgia marble.,https://www.elephango.com/index.cfm/pg/k12learning/lcid/12055/The_Jefferson_Memorial
Microsoft's primary programming language for system software was C.,https://www.quora.com/What-programming-languages-does-Microsoft-use-to-develop-its-products
Stephen Curry was the top scorer for the Golden State Warriors in 2015.,
"The 2008 Summer Olympics were held in Beijing, China.",https://brainly.com/question/50150247
The first United States Congress met in Federal Hall.,
"Ronaldo Nazario wore the number 9 jersey for several teams throughout his career including Real Madrid, Inter Milan, and Brazil.",https://www.dhgate.com/wholesale/ronaldo+9+jersey.html
Chelsea won the UEFA Europa League in 2013.,
Chelsea won the Premier League in 2017.,
India won the ICC cricket world Cup in 2011.,https://www.reddit.com/r/indiasocial/comments/1bqt020/what_were_you_doing_the_day_india_won_the_icc/
Uruguay won the Copa America in 2011.,
The main theme of Forrest Gump is to live life to the fullest.,https://www.cram.com/subjects/forrest-gump
The United States won the FIFA Women's World Cup in 1999.,
Carlos Alberto Parreira was the manager of Brazil in 1994.,
Mikel Oyarzabal was the captain of Real Sociedad in 2020.,
The legendary American author Ernest Hemingway won the Nobel Prize in Literature in 1954.,https://www.toppr.com/ask/question/the-legendary-american-author-ernest-hemingway-won-the-nobel-prize-in-literature-in-1954-which/
John Eales was the captain of the Australian national rugby team in 1999.,
The Golden State Warriors won the NBA Finals in 2018. They defeated the Cleveland Cavaliers in four games to capture their third championship in four years.,https://www.aiswers.com/topic/when-was-last-time-warriors-won-final
Cesar Azpilicueta was the captain of Chelsea in 2021.,
Norway hosted the Winter Olympics in 1994.,
The Leaning Tower of Pisa was constructed primarily using marble.,
Antonio Conte was the manager of Chelsea in 2018.,
The first United Nations General Assembly was held in the Westminster Central Hall in London.,
Fossils of Argentavis have been found in Argentina.,
The Vicente Calderï¿½n Stadium was the home stadium of Atlï¿½tico Madrid from its completion in 1966 to 2017,https://www.rome2rio.com/s/Metropolitano-Stadium/Vicente-Calder%C3%B3n-Stadium
The first space station was the Soviet Union's Salyut 1.,
The novel 'The Killer Angels' won the Pulitzer Prize for Fiction in 1975.,
David Villa was the top scorer for Spain in the 2010 FIFA World Cup.,
Gary Cahill was the captain of Chelsea in 2017.,
Death of a Salesman is probably best known for its theme of the futility and unattainability of the American Dream.,https://www.coursehero.com/lit/Death-of-a-Salesman/themes/
Manchester United won the English Premier League in 2013.,
The primary color of France's jersey is blue.,
The 1998 Winter Olympics were hosted by Japan.,
The tallest building in the world is Burj Khalifa which is located in Dubai,https://www.magicbricks.com/blog/tallest-buildings-in-the-world/127777.html
"In his third season, Dwyane Wade led the Heat to their first NBA Championship and was named the 2006 NBA Finals MVP. At the 2008 Summer Olympics, he led the United States men's basketball team, commonly known as the ""Redeem Team"", in scoring and helped them capture the gold medal.",https://en.wikipedia.org/wiki/Dwyane_Wade
The Yalta Conference was held at the Livadia Palace.,
The primary economic activity in Pyeongchang is tourism.,
Bayern Munich won the UEFA Champions League in 2020.,
"The Golden Gate Bridge connects San Francisco to Marin County and has a 4,200-foot-long suspension span, which was the longest in the world upon its completion.",https://www.lib.berkeley.edu/about/news/golden-gate-bridge
The FIFA Confederations Cup in 2013 was hosted by Brazil.,
"Bakelite is composed of phenol and formaldehyde, so it is a copolymer. Copolymers are those that are composed of two different monomer units.",https://byjus.com/question-answer/assertion-bakelite-is-copolymer-reason-bakelite-is-a-thermosetting-material/
The town hall of Münster is designed in the Gothic architectural style.,
"The largest herbivorous dinosaur in North America, the Brachiosaurus, primarily ate plants.",
The Netherlands won the Eurovision Song Contest in 2019.,
Spain won the FIFA World Cup in 2010.,
Wayne Rooney was the captain of Manchester United in 2017.,
The film 'The Lord of the Rings: The Return of the King' won the Academy Award for Best Picture in 2003.,
The Berlin Wall was primarily constructed using concrete.,
"The Congress of the Confederation was held in Independence Hall, Philadelphia.",
"The primary diet of killer whales includes fish, seals, and squid.",
The Hôtel de Ville is designed in the French Renaissance architectural style.,
The primary color of the Chicago Cubs' uniform is blue.,
Spinosaurus is considered the largest carnivorous dinosaur ever discovered.,
Chelsea won the Champions League in 2021.,
The largest flying bird in history is believed to be Argentavis.,
"The Declaration of Independence was signed in Independence Hall, Philadelphia, Pennsylvania.",https://www.alamy.com/the-declaration-of-independence-was-signed-in-independence-hall-philadelphia-image7203578.html
The New England Patriots won the Super Bowl in 2015.,
Liverpool won the UEFA Champions League in 2005.,
The Inca civilization built Machu Picchu.,
The Golden State Warriors colors are Warriors blue and golden yellow.,https://teamcolorcodes.com/golden-state-warriors-color-codes/
The Panathenaic Stadium was rebuilt by architect Anastasios Metaxas.,
Spinosaurus had a primarily piscivorous (fish-based) diet.,
Dr. Barney Clark was the surgeon who performed the first implantation of the Jarvik-7.,
The primary industry of Apple Inc. is technology and consumer electronics.,
The structures at Runnymede are predominantly medieval in architectural style.,
"The Boeing 737 used by Ryanair has been adjusted to have as many seats as possible, 189. For this reason thr space is minimal and seats can't be reclined.",https://www.quora.com/How-do-you-recline-a-seat-on-a-Ryanair-flight/answer/Fran-Callado?ch=10&oid=114976330&share=8224914d&srid=Qmj7&target_type=answer
The primary diet of the African lion consists of large herbivores such as zebras and wildebeest.,
The first modern Olympic Games were held in the Panathenaic Stadium.,
"The first artificial satellite, Sputnik 1, was launched by the Soviet Union in 1957.",
"Sydney's economy is driven by tourism, international education, finance, the creative and digital industries as well as consulting services.",https://www.linkedin.com/pulse/where-do-we-stand-global-real-estate-cycle-milan-vidakovic/
The primary match t-shirt color of Bayern Munich is red.,
The 1986 FIFA World Cup was hosted by Mexico.,
The primary match t-shirt color of Palmeiras is green.,
"The primary building material of Burj Khalifa is concrete, and due to the high pressure of the buildingï¿½s weight and the hot climate of Dubai, which can reach 50 degrees Celsius, a particular type of concrete was needed. Any large crack could have caused a lot of damage to the building. In this way, concrete with high density and low permeability was used.",https://nabtrip.com/burj-khalifa/
Leicester City won the FA Cup in 2021.,
Borussia Dortmund won the DFB-Pokal in 2021.,
Fossils of Argentinosaurus were discovered in South America.,
Forrest Gump' won the Academy Award for Best Picture in 1994.,https://quiz.uk/the-oscars-10-questions/
The primary theme of 'Forrest Gump' is the life journey of an everyman who witnesses and influences some of the most significant events in American history.,
The primary language spoken in Russia is Russian.,
"The United States won the FIFA Women's World Cup in 2019, defeating the Netherlands in the final.",https://edurev.in/question/4205093/Who-won-the-FIFA-Womens-World-Cup-in-2019-a-United-Statesb-Germanyc-Japand-BrazilCorrect-answer-is-o
The Parthenon was primarily constructed using Pentelic marble.,
The primary language spoken in Brazil is Portuguese.,
Paris Saint-Germain won the French Ligue 1 in 2020.,
The Hoover Dam was constructed primarily using concrete.,
The Brooklyn Bridge connects Brooklyn to Manhattan.,https://dpl.fandom.com/wiki/Manhattan
"With its number of passengers soaring to almost 182 million in 2023, Ryanair is the biggest airline in Europe. The airline has seen steady growth in recent years, expanding 13% since 2022, and this trend will likely continue",https://www.airlineratings.com/news/passenger-news/which-airline-carries-the-most-passengers-in-europe/
The Spain shirt is red,https://thespanishproject.net/en/adjetivos.php
The primary language spoken in Ukraine is Ukrainian.,
The Kansas City Chiefs colors are red and gold,https://teamcolorcodes.com/kansas-city-chiefs-color-codes/
Argentina won the FIFA World Cup in 1986.,
"Atletico Madrid won the La Liga title in 2014, also finishing runners up to Real Madrid in the Champions League final the same year.",https://footballghana.com/barcelona-summer-signing-says-atletico-madrid-are-tougher-to-beat-than-rivals-real
The primary language spoken in Spain is Spanish.,
Paris Saint-Germain won the French Cup in 2021.,
The Houston Astros won the World Series in 2017.,
The first successful passenger airplane was the Wright Flyer.,
The Wright Flyer was constructed using spruce wood and muslin fabric.,
The primary color of the United States' jersey is white.,
Japan won the FIFA Women's World Cup in 2011.,
The primary material used in the construction of the Gossamer Albatross was carbon fiber.,
Portugal won the Eurovision Song Contest in 2017,https://www.facebook.com/RelishPortugalMag/
France won the FIFA World Cup in 2018.,
Cafu primarily played as a right-back.,
Manchester City won the English Premier League in the 2017-2018 season.,
The primary material used in the construction of Luna 2 was aluminum alloy.,
The Cleveland Cavaliers won the NBA championship in 2016.,https://www.aiswers.com/topic/when-did-cavs-win-nba-championship
The primary language spoken in Japan is Japanese.,
The primary color of the St. Louis Blues' jersey is blue.,
The Brachiosaurus lived during the Jurassic era.,
Juventus won the Serie A in 2020.,
The Colosseum in Rome was primarily constructed from concrete and sand.,
South Africa won the Rugby World Cup in 2007.,
"Known for his ability to perform in crucial moments, Iniesta scored the winning goal in the 2010 FIFA World Cup final, securing Spain's first World Cup. He also played a key role in Spain's victories at Euro 2008 and Euro 2012.",https://posterpointworld.com/products/andres-iniesta-poster-print
Federal Hall is designed in the Greek Revival architectural style.,
South Africa won the Rugby World Cup in 1995.,
Brazil won the Copa America in 2019.,
Polar bearsï¿½ diet consists mainly of seals as they require large amounts of fat to survive the cold climate. ,https://earth.org/?endangered-species=polar-bears
The United States won the FIFA Women's World Cup in 2015.,
The primary language spoken in South Korea is Korean.,
The primary language spoken in the United Kingdom is English.,
"The Winter Olympics in 2018 were hosted in Pyeongchang, South Korea.",
The largest reptile found in the Nile River is the Nile crocodile.,
The Home Insurance Building was constructed using steel framing.,
Jeff Bezos was Time's Person of the Year in 1999,https://ncjolt.org/wp-content/uploads/2014/05/Turza_Final.pdf
The Chicago Cubs won the World Series in 2016.,
Harry Kane wore jersey number 9 during the 2018 FIFA World Cup.,
The primary match t-shirt color of Chelsea is blue.,
"Jeff Bezos is CEO of Amazon, for which he gets paid a salary that doesnï¿½t change because they sell one item more or fewer. He also gets gains from his stock portfolio, which changes as the market goes up or down, but again, is not affected by their selling one more item.",https://www.quora.com/What-is-the-exact-amount-of-money-Jeff-Bezos-gets-when-someone-orders-anything-on-Amazon-worldwide/answer/John-Stork-6?ch=10&oid=311971787&share=f60c8c09&srid=Qmj7&target_type=answer
Ajax won the Eredivisie in 2021.,
The television series 'Game of Thrones' won the Primetime Emmy Award for Outstanding Drama Series in 2018.,
West Germany hosted the Summer Olympics in 1972.,
The Khmer civilization built the city of Angkor,
The primary language spoken in Mexico is Spanish.,
Sevilla won the Europa League in 2016.,https://www.sportskeeda.com/football/uefa-europa-league-201617-ranking-the-semi-finalists
The Detroit Red Wings won the Stanley Cup in 2008.,
River Plate won the Copa Libertadores in 2015.,
Vincent Kompany was the captain of Manchester City in 2018.,
"Megan Rapinoe has started 142 of her 199 caps, coming off the bench 57 times, and has served as team captain for 15 matches.",https://www.ussoccer.com/stories/2023/07/us-womens-national-team-legend-megan-rapinoe-will-retire-at-end-of-2023-nwsl-season
Tom Brady won the MVP award in the 2017 NFL season.,
The primary mission of New Horizons was to study Pluto and its moons.,
Diego Lugano primarily played as a central defender.,
River Plate won the Copa Libertadores in 2018.,
Barcelona won the Copa del Rey in 2018.,
Jupp Heynckes was the manager of Bayern Munich in 2013.,
Canada hosted the Winter Olympics in 1988.,
The primary material used in the construction of MESSENGER was aluminum and titanium.,
Greece hosted the Summer Olympics in 2004.,https://www.eurosport.com/olympics/pyeongchang-receives-olympic-flame-for-2018-winter-games_sto6391492/story.shtml
LeBron James was the captain of the Los Angeles Lakers in 2020.,
The Kellogg-Briand Pact was signed in the Quai d'Orsay.,
Uruguayâ€™s primary match t-shirt color is sky blue.,
Fossils of Spinosaurus were found in North Africa.,
Manchester United won the UEFA Europa League in 2017.,
The primary language spoken in France is French.,
The novel 'Midnight's Children' won the Booker Prize in 1981.,
Real Madrid's primary match t-shirt color is white.,
The Nuremberg Trials took place in the Palace of Justice.,
The Quai d'Orsay is designed in the Beaux-Arts architectural style.,
Germany won the Eurovision Song Contest in 2010.,
Brazil hosted the FIFA World Cup in 2014.,
"The Treaty of Paris 1783 was signed at the HÃ´tel d'York in Paris, which is designed in a classical architectural style.",
The largest herbivore found in South America is the capybara.,
Italy hosted the Winter Olympics in 2006.,
The home stadium of Juventus is Allianz Stadium.,
"James Rodrïguez won the Golden Boot in the 2014 FIFA World Cup. The Golden Boot is awarded to the top goal scorer of the tournament, which is a testament to James' exceptional performance.",https://letsquiz.com/quiz/james-rodriguez/which-award-did-james-win-in-the-2014-fifa-world-cup
Manchester City won the Premier League in 2018.,
"Intel manufactures semiconductor chips, graphics chips, motherboard chipsets and other computing devices.",https://www.intel.com/content/www/us/en/newsroom/tech101/manufacturing-101-what-is-manufacturing.html
"Stamford Bridge is home to Chelsea Football Club, the most successful English football team of the 21st century",https://www.klook.com/activity/3454-chelsea-football-club-tour-london/
The largest marsupial found in Australia is the red kangaroo.,
Carli Lloyd was the captain of the United States Women's National Team in 2015.,
"The primary diet of the Nile crocodile consists of fish, birds, and mammals.",
The architect Phidias was responsible for the design and construction of the Parthenon.,
